precision,recall,accuracy,f1_score,log_loss,roc_auc
0.6706848862094611,0.58833488594929539,0.79797045266343736,0.59771635807945667,1.0183432913847981,0.93889050949050956