mean_absolute_error,mean_squared_error,mean_squared_log_error,median_absolute_error,r2_score,explained_variance
0.49407009799299112,17.782610464656457,0.085910710768780874,0.17423379421234131,0.009186774083338678,0.018130115698938853